imageSrc,priceWithNote,productIN,category,subCategory,Desc,Length
https://media.bunnings.com.au/api/public/content/95fca1f3ed124898b3fb5639d0a21524?v=872b1322&t=w700dpr2,$13.92,0097689,Concrete,Dingo,Dingo MaxPRO Concrete,20kg
https://media.bunnings.com.au/api/public/content/a39b1fefb62c4b7e80ceae7a75a05ad4?v=1781b14c&t=w700dpr2,$12.57,0760378,Concrete,Dingo,Dingo Hi Strength Concrete,20kg
https://media.bunnings.com.au/api/public/content/dabc89820ef94f499f786dd0c3f87a13?v=f49bf552&t=w700dpr2,$13.67,0760407,Concrete,Dingo,Dingo Fast Set Hi Strength Concrete,20kg
https://media.bunnings.com.au/api/public/content/4d29d22effe74e158464077cd08a4f58?v=5e3f0d2a&t=w700dpr2,$37.40,0760453,Concrete,Dingo,Dingo Bitumen Repair,20kg
https://media.bunnings.com.au/api/public/content/b2f1b312ccf84a2592a86c18b230d214?v=d73b7cb5&t=w700dpr2,$10.07,0760612,Concrete,Builders,Builders Sand & Cement,20kg
https://media.bunnings.com.au/api/public/content/ef0dc95fb6d847f9a420bcebe93f4af6?v=544f8464&t=w700dpr2,$9.97,0762428,Concrete,Builders,Builders Quick Set,20kg
https://media.bunnings.com.au/api/public/content/d7020148e5e145788e73d64d8df73b5b?v=348938be&t=w700dpr2,$10.26,0761529,Concrete,Builders,Builders Mortar,20kg
https://media.bunnings.com.au/api/public/content/3e6229ac3fc24639b526ab9285500c7e?v=17054d75&t=w700dpr2,$9.83,0761537,Concrete,Builders,Builders High Strength Concrete,20kg
https://media.bunnings.com.au/api/public/content/f1fa7167ac944c1c894e2b04c3beec6d?v=57ed52b4&t=w700dpr2,$10.40,0760529,Concrete,Bastion,Bastion White Washed Sand,20kg
https://media.bunnings.com.au/api/public/content/2089721e605443c99d9217359280a4b1?v=d769128e&t=w700dpr2,$10.40,0760532,Concrete,Bastion,Bastion Screenings,20kg
https://media.bunnings.com.au/api/public/content/4d32997989604f2ca1da73eb84459286?v=4daed203&t=w700dpr2,$10.30,0760538,Concrete,Bastion,Bastion River Sand,20kg
https://media.bunnings.com.au/api/public/content/300424dfb7b746aabb68de4b2cbaa49f?v=56884bf7&t=w700dpr2,$8.89,0760335,Concrete,Bastion,Bastion Quick Set,20kg
https://media.bunnings.com.au/api/public/content/44ce8657aea0471fb5caee8f33f5e780?v=03fd4242&t=w700dpr2,$9.76,0038286,Concrete,Bastion,Bastion Mortar,20kg
https://media.bunnings.com.au/api/public/content/ca396368c7be4dadb18895961076fefa?v=be8533f5&t=w700dpr2,$8.59,0760330,Concrete,Bastion,Bastion GP Cement,20kg
https://media.bunnings.com.au/api/public/content/ede21c5e219a43d598e8b8473702c9be?v=e480f02e&t=w700dpr2,$8.47,0038287,Concrete,Bastion,Bastion Concrete,20kg
https://media.bunnings.com.au/api/public/content/07939e1f98844ecdb4597674dfbccbe6?v=03bec8ff&t=w700dpr2,$10.60,0135857,Concrete,Bastion,Bastion Aggregate Crusher Dust,20kg
https://media.bunnings.com.au/api/public/content/727e585231ac45e7977f8072f7e52565?v=9d5c94ad&t=w700dpr2,$11.10,0106948,Concrete,Bastion,Bastion 10mm Blue Metal,20kg
https://media.bunnings.com.au/api/public/content/4e44ca91c89f4835b0e086bf5c84dbcc?v=764bd8f3&t=w700dpr2,$1.31,0078201,Blocks / Brick,Red Brick,Common Brick,230 x 110 x 76mm
https://media.bunnings.com.au/api/public/content/292fb8ce5b5248c18e4fc32bea954eeb?v=e505c188&t=w700dpr2,$10.80,0405017,Blocks / Brick,PowerBlock,Hebel,600 x 200 x 75mm
https://media.bunnings.com.au/api/public/content/4119f92a9fa74022bfdcc348779a78b1?v=c9ee18c4&t=w700dpr2,$10.98,0405016,Blocks / Brick,PowerBlock,Hebel,600 x 200 x 100mm
https://media.bunnings.com.au/api/public/content/b77058ad515347f7b70522de09ec279d?v=0df1149e&t=w700dpr2,$16.90,1080391,Blocks / Brick,Foundation Block,Deko Concrete Foundation Block,250 x 150 x 150mm
https://media.bunnings.com.au/api/public/content/9170c166d3724ae48d6f8cc29f5de430?v=7f9f757f&t=w700dpr2,$1.01,0811048,Blocks / Brick,Besser Block,Render Brick,230 x 110 x 76mm
https://media.bunnings.com.au/api/public/content/64dec2dafc9e496ea089334e3b40cde8?v=aae35440&t=w700dpr2,$4.07,0811049,Blocks / Brick,Besser Block,Half Besser Block,190 x 190 x 190mm
https://media.bunnings.com.au/api/public/content/f905e83475854c8981a0c63a6b2600e5?v=f5e4486a&t=w700dpr2,$4.30,3451359,Blocks / Brick,Besser Block,Full Besser Block,390 x 190 x 190mm
https://media.bunnings.com.au/api/public/content/3e9fe550c33d4fa7bbc756de30257731?v=e15a94f2&t=w700dpr2,$54.12,0710117,Cement Sheets,Duratex Blueboard,2440 x 1200 x 7.5mm,7.5m
https://media.bunnings.com.au/api/public/content/233979572871472186a20a2bef78dc85?v=c869560e&t=w700dpr2,$153.85,0710445,Cement Sheets,Secura Interior Flooring,2700 x 600 x 19mm,19m
https://media.bunnings.com.au/api/public/content/111bde06349c44f8926b4e6fbb85d99c?v=f7393ea5&t=w700dpr2,$172.03,0710430,Cement Sheets,Secura Exterior Flooring,2700 x 600 x 19mm,19m
https://media.bunnings.com.au/api/public/content/599e7f671a7944579a7c3eafb339249a?v=7d27ff89&t=w700dpr2,$34.26,0711370,Cement Sheets,HardieFlex Cladding,1800 x 1200 x 4.5mm,4.5m
https://media.bunnings.com.au/api/public/content/970475db874c4046a78c924f65b11572?v=d2aa743c&t=w700dpr2,$56.35,0711419,Cement Sheets,HardieFlex Cladding,3000 x 1200 x 4.5mm,4.5m
https://media.bunnings.com.au/api/public/content/447354c378a04e448927196b20c62b76?v=1b705561&t=w700dpr2,$77.93,0711095,Cement Sheets,HardieFlex Cladding,2400 x 1200 x 6mm,6m
https://media.bunnings.com.au/api/public/content/35ab363972474ca49e40277c62281686?v=b6b6e426&t=w700dpr2,$38.23,0711396,Cement Sheets,HardieFlex Cladding,2400 x 1200 x 4.5mm,4.5m
https://media.bunnings.com.au/api/public/content/f2fc7e6867484d6d8883040d7cd361d6?v=64e9c206&t=w700dpr2,$45.77,0714174,Cement Sheets,Villaboard,2400 x 1200 x 6mm,6m
https://media.bunnings.com.au/api/public/content/a8b3a8582c6640eb81a3c6e1f0f5b58c?v=6741f121&t=w700dpr2,$67.86,0714205,Cement Sheets,Villaboard,3600 x 1200 x 6mm,6m
https://media.bunnings.com.au/api/public/content/d5eb4d1445fd4c4293abcaa4a3179642?v=d5806fe9&t=w700dpr2,$58.31,0714190,Cement Sheets,Villaboard,3000 x 1200 x 6mm,6m
https://media.bunnings.com.au/api/public/content/bda683c13267410daa8711b4d9d34c3e?v=7e4072d1&t=w700dpr2,$52.68,0714182,Cement Sheets,Villaboard,2700 x 1200 x 6mm,6m
https://media.bunnings.com.au/api/public/content/bda683c13267410daa8711b4d9d34c3e?v=7e4072d1&t=w700dpr2,$51.24,0714263,Cement Sheets,Villaboard,2400 x 1350 x 6mm,6m
https://media.bunnings.com.au/api/public/content/327f0f7ba44f47a58d34f4b4eac9e52e?v=ae2a80a7&t=w700dpr2,$14.81,0714491,Cement Sheets,HardieFlex Eaves,2400 x 450 x 4.5mm,4.5m
https://media.bunnings.com.au/api/public/content/642d8d0eb1d543fb95cc8e2d1c8cf51c?v=7fb9ee08&t=w700dpr2,$24.97,0711231,Cement Sheets,HardieFlex Eaves,2400 x 750 x 4.5mm,4.5m
https://media.bunnings.com.au/api/public/content/f7a62306d0c548099bf6534244957a1d?v=88951566&t=w700dpr2,$21.58,0714506,Cement Sheets,HardieFlex Eaves,2400 x 600 x 4.5mm,4.5m
https://media.bunnings.com.au/api/public/content/af2afe8192144917bc493d3cd2a1a17f?v=061ec188&t=w700dpr2,$30.92,0716142,Cement Sheets,Tile Underlay,1800 x 1200 x 6mm,6m
https://media.bunnings.com.au/api/public/content/aa4348c3287740d58959cc02759304d8?v=3b3b7f62&t=w700dpr2,$22.54,0710334,Cement Sheets,Tile Underlay,1800 x 900 x 6mm,6m
https://media.bunnings.com.au/api/public/content/0f84df504131406b925cb290362e1471?v=fe0ee20d&t=w700dpr2,$43.89,1080350,Sleepers,Concrete Sleeper,Gumtree,1.5m
https://media.bunnings.com.au/api/public/content/1faeb5ae8766453aa5a27fe3d952d914?v=9ba25fce&t=w700dpr2,$38.50,1080302,Sleepers,Concrete Sleeper,Smooth Grey,1.5m
https://media.bunnings.com.au/api/public/content/3998650e49044ffa8b4d9ea7835bbf6e?v=64e2255f&t=w700dpr2,$43.89,1080346,Sleepers,Concrete Sleeper,Ironbark,1.5m
https://ubgeneralstore.com.au/cdn/shop/files/microprosienna.jpg?v=1694478695,$23.00,0111448,Sleepers,Sienna Sleeper,200 x 75mm,1.8m
https://ubgeneralstore.com.au/cdn/shop/files/microprosienna.jpg?v=1694478695,$33.39,0077936,Sleepers,Sienna Sleeper,200 x 75mm,2.4m
https://media.bunnings.com.au/api/public/content/53ea6c3c2c8947a0977248e8d7c31b84?v=4633f32f&t=w700dpr2,$16.00,0111447,Sleepers,Sienna Sleeper,200 x 50mm,1.8m
https://media.bunnings.com.au/api/public/content/53ea6c3c2c8947a0977248e8d7c31b84?v=4633f32f&t=w700dpr2,$27.89,0077935,Sleepers,Sienna Sleeper,200 x 50mm,3.0m
https://media.bunnings.com.au/api/public/content/53ea6c3c2c8947a0977248e8d7c31b84?v=4633f32f&t=w700dpr2,$22.30,0077934,Sleepers,Sienna Sleeper,200 x 50mm,2.4m
https://media.bunnings.com.au/api/public/content/772022ae58a04b2b8919e4f27bc853b4?v=91240bcb&t=w700dpr2,$20.90,8032708,Sleepers,Treated Pine Sleeper,200 x 75mm,1.8m
https://media.bunnings.com.au/api/public/content/772022ae58a04b2b8919e4f27bc853b4?v=91240bcb&t=w700dpr2,$33.00,8032712,Sleepers,Treated Pine Sleeper,200 x 75mm,3.0m
https://media.bunnings.com.au/api/public/content/772022ae58a04b2b8919e4f27bc853b4?v=91240bcb&t=w700dpr2,$27.80,8032710,Sleepers,Treated Pine Sleeper,200 x 75mm,2.4m
https://media.bunnings.com.au/api/public/content/eebeaafc081c4b2a943523bed46cd2eb?v=6a7c3692&t=w700dpr2,$21.90,8032704,Sleepers,Treated Pine Sleeper,200 x 50mm,3.0m
https://media.bunnings.com.au/api/public/content/eebeaafc081c4b2a943523bed46cd2eb?v=6a7c3692&t=w700dpr2,$18.00,8032702,Sleepers,Treated Pine Sleeper,200 x 50mm,2.4m
https://media.bunnings.com.au/api/public/content/eebeaafc081c4b2a943523bed46cd2eb?v=6a7c3692&t=w700dpr2,$14.00,8032701,Sleepers,Treated Pine Sleeper,200 x 50mm,1.8m
https://media.bunnings.com.au/api/public/content/59f63acf28da415093cd7c9b9092a5f8?v=b20a3680&t=w700dpr2,$167.00,0549656,Posts,Pre-Oiled Merbau Post,115 x 115mm,2.4m
https://media.bunnings.com.au/api/public/content/7edd260ffa05491abb94b1d7d0131558?v=86f50cc1&t=w700dpr2,$209.00,0549660,Posts,Pre-Oiled Merbau Post,115 x 115mm,3.0m
https://media.bunnings.com.au/api/public/content/4b2cb80c157e49819e46139f01bcf552?v=7da2450f&t=w700dpr2,$188.00,0549674,Posts,Pre-Oiled Merbau Post,115 x 115mm,2.7m
https://media.bunnings.com.au/api/public/content/5d93b3696ff842ce8f30f6586679795d?v=8d3f8431&t=w700dpr2,$101.00,0549667,Posts,Pre-Oiled Merbau Post,90 x 90mm,2.4m
https://media.bunnings.com.au/api/public/content/ef9819994d894fada15ed53fbf0286af?v=ff24f568&t=w700dpr2,$153.00,0549668,Posts,Pre-Oiled Merbau Post,90 x 90mm,3.6m
https://media.bunnings.com.au/api/public/content/2fa6802e74d540e098f1556c185661d3?v=f7fc3d90&t=w700dpr2,$127.00,0549662,Posts,Pre-Oiled Merbau Post,90 x 90mm,3.0m
https://media.bunnings.com.au/api/public/content/bd4e72934f784522bc59a2d5f1230609?v=00ce421e&t=w700dpr2,$114.00,0549671,Posts,Pre-Oiled Merbau Post,90 x 90mm,2.7m
https://media.bunnings.com.au/api/public/content/bf1553e91c9449d586ecba01a48b5cc5?v=efc892ae&t=w700dpr2,$66.00,8422817,Posts,Premium Treated Pine Post (Rough),90 x 90mm,2.4m
https://media.bunnings.com.au/api/public/content/cc6add9179dd49f9bc25f543177405ef?v=b311c2a6&t=w700dpr2,$99.00,8422821,Posts,Premium Treated Pine Post (Rough),90 x 90mm,3.6m
https://media.bunnings.com.au/api/public/content/f52e011c533f4686bffc57761164189d?v=73849728&t=w700dpr2,$82.50,8422820,Posts,Premium Treated Pine Post (Rough),90 x 90mm,3.0m
https://media.bunnings.com.au/api/public/content/a096466e211246439adbda70adc3f763?v=9e05ba5c&t=w700dpr2,$74.25,8422819,Posts,Premium Treated Pine Post (Rough),90 x 90mm,2.7m
https://media.bunnings.com.au/api/public/content/a2317e78d76e41bb817492ad6b5bcd43?v=9f1673f5,$0.00,8423171,Posts,Premium Treated Pine Post (Dressed),90 x 90mm,1.8m
https://media.bunnings.com.au/api/public/content/a2317e78d76e41bb817492ad6b5bcd43?v=9f1673f5,$0.00,8423176,Posts,Premium Treated Pine Post (Dressed),90 x 90mm,3.6m
https://media.bunnings.com.au/api/public/content/a2317e78d76e41bb817492ad6b5bcd43?v=9f1673f5,$0.00,8423175,Posts,Premium Treated Pine Post (Dressed),90 x 90mm,3.0m
https://media.bunnings.com.au/api/public/content/a2317e78d76e41bb817492ad6b5bcd43?v=9f1673f5,$0.00,8423172,Posts,Premium Treated Pine Post (Dressed),90 x 90mm,2.4m
https://media.bunnings.com.au/api/public/content/680e7d065bee4f72b0c9dbf00d4426e6?v=887ba7ba&t=w700dpr1,$0.00,0081348,Posts,Treated Pine Post,125 x 75mm,2.4m
https://media.bunnings.com.au/api/public/content/680e7d065bee4f72b0c9dbf00d4426e6?v=887ba7ba&t=w700dpr1,$0.00,0081349,Posts,Treated Pine Post,125 x 75mm,2.7m
https://media.bunnings.com.au/api/public/content/a91730de521849efbcabe216eaf7d0a8?v=9737c2cf&t=w700dpr2,$22.00,0051257,Posts,Treated Pine Post,100 x 100mm,2.4m
https://media.bunnings.com.au/api/public/content/a91730de521849efbcabe216eaf7d0a8?v=9737c2cf&t=w700dpr2,$33.00,0052584,Posts,Treated Pine Post,100 x 100mm,3.6m
https://media.bunnings.com.au/api/public/content/a91730de521849efbcabe216eaf7d0a8?v=9737c2cf&t=w700dpr2,$28.00,0051259,Posts,Treated Pine Post,100 x 100mm,3.0m
https://media.bunnings.com.au/api/public/content/a91730de521849efbcabe216eaf7d0a8?v=9737c2cf&t=w700dpr2,$25.00,0051258,Posts,Treated Pine Post,100 x 100mm,2.7m
https://media.bunnings.com.au/api/public/content/04d562fb580b4df39351883f28488742?v=3f04ba5c&t=w700dpr2,$51.00,8032629,Posts,Cypress Post,90 x 90mm DAR,2.4m
https://media.bunnings.com.au/api/public/content/04d562fb580b4df39351883f28488742?v=3f04ba5c&t=w700dpr2,$76.48,8032632,Posts,Cypress Post,90 x 90mm DAR,3.6m
https://media.bunnings.com.au/api/public/content/04d562fb580b4df39351883f28488742?v=3f04ba5c&t=w700dpr2,$63.74,8032631,Posts,Cypress Post,90 x 90mm DAR,3.0m
https://media.bunnings.com.au/api/public/content/04d562fb580b4df39351883f28488742?v=3f04ba5c&t=w700dpr2,$57.36,8032630,Posts,Cypress Post,90 x 90mm DAR,2.7m
https://media.bunnings.com.au/api/public/content/04d562fb580b4df39351883f28488742?v=3f04ba5c&t=w700dpr2,$37.92,8032668,Posts,Cypress Post,125 x 75mm Sawn,2.4m
https://media.bunnings.com.au/api/public/content/04d562fb580b4df39351883f28488742?v=3f04ba5c&t=w700dpr2,$56.88,8032672,Posts,Cypress Post,125 x 75mm Sawn,3.6m
https://media.bunnings.com.au/api/public/content/04d562fb580b4df39351883f28488742?v=3f04ba5c&t=w700dpr2,$47.40,8032670,Posts,Cypress Post,125 x 75mm Sawn,3.0m
https://media.bunnings.com.au/api/public/content/04d562fb580b4df39351883f28488742?v=3f04ba5c&t=w700dpr2,$42.66,8032669,Posts,Cypress Post,125 x 75mm Sawn,2.7m
https://media.bunnings.com.au/api/public/content/04d562fb580b4df39351883f28488742?v=3f04ba5c&t=w700dpr2,$60.00,8032675,Posts,Cypress Post,125 x 125mm Sawn,2.4m
https://media.bunnings.com.au/api/public/content/04d562fb580b4df39351883f28488742?v=3f04ba5c&t=w700dpr2,$90.00,8032679,Posts,Cypress Post,125 x 125mm Sawn,3.6m
https://media.bunnings.com.au/api/public/content/04d562fb580b4df39351883f28488742?v=3f04ba5c&t=w700dpr2,$75.00,8032677,Posts,Cypress Post,125 x 125mm Sawn,3.0m
https://media.bunnings.com.au/api/public/content/04d562fb580b4df39351883f28488742?v=3f04ba5c&t=w700dpr2,$67.50,8032676,Posts,Cypress Post,125 x 125mm Sawn,2.7m
https://media.bunnings.com.au/api/public/content/04d562fb580b4df39351883f28488742?v=3f04ba5c&t=w700dpr2,$81.51,8032637,Posts,Cypress Post,115 x 115mm DAR,2.4m
https://media.bunnings.com.au/api/public/content/04d562fb580b4df39351883f28488742?v=3f04ba5c&t=w700dpr2,$125.02,8032640,Posts,Cypress Post,115 x 115mm DAR,3.6m
https://media.bunnings.com.au/api/public/content/04d562fb580b4df39351883f28488742?v=3f04ba5c&t=w700dpr2,$104.17,8032639,Posts,Cypress Post,115 x 115mm DAR,3.0m
https://media.bunnings.com.au/api/public/content/04d562fb580b4df39351883f28488742?v=3f04ba5c&t=w700dpr2,$91.68,8032638,Posts,Cypress Post,115 x 115mm DAR,2.7m
https://media.bunnings.com.au/api/public/content/04d562fb580b4df39351883f28488742?v=3f04ba5c&t=w700dpr2,$37.20,8032655,Posts,Cypress Post,100 x 100mm Sawn,2.4m
https://media.bunnings.com.au/api/public/content/04d562fb580b4df39351883f28488742?v=3f04ba5c&t=w700dpr2,$55.80,8032659,Posts,Cypress Post,100 x 100mm Sawn,3.6m
https://media.bunnings.com.au/api/public/content/04d562fb580b4df39351883f28488742?v=3f04ba5c&t=w700dpr2,$46.50,8032657,Posts,Cypress Post,100 x 100mm Sawn,3.0m
https://media.bunnings.com.au/api/public/content/04d562fb580b4df39351883f28488742?v=3f04ba5c&t=w700dpr2,$41.85,8032656,Posts,Cypress Post,100 x 100mm Sawn,2.7m
https://media.bunnings.com.au/api/public/content/349af216e05c40fb8c643c225348d50f?v=5be1e9d9&t=w700dpr2,$39.00,0120338,Fencing,Fence Capping,90 x 45mm,5.4m
https://media.bunnings.com.au/api/public/content/590a6f2d63fe4b69b4b6b39cd550ac86?v=340de5ad&t=w700dpr2,$22.00,0121161,Fencing,Fence Rail,72 x 47mm,5.4m
https://media.bunnings.com.au/api/public/content/7a3ddcee67f74e0fb727bd808218158b?v=0a2c30d5&t=w700dpr2,$7.33,0120312,Fencing,Plinth,150 x 25mm,2.4m
https://media.bunnings.com.au/api/public/content/7a3ddcee67f74e0fb727bd808218158b?v=0a2c30d5&t=w700dpr2,$16.50,0120266,Fencing,Plinth,150 x 25mm,5.4m
https://media.bunnings.com.au/api/public/content/7a3ddcee67f74e0fb727bd808218158b?v=0a2c30d5&t=w700dpr2,$11.00,0120296,Fencing,Plinth,150 x 25mm,3.6m
https://media.bunnings.com.au/api/public/content/7a3ddcee67f74e0fb727bd808218158b?v=0a2c30d5&t=w700dpr2,$7.33,0120312,Fencing,Plinth,150 x 25mm,2.4m
https://media.bunnings.com.au/api/public/content/1544e8da27f74c4fbe09db04b993bd8f?v=94a8e7e7&t=w700dpr2,$1.92,0120254,Fencing,Fence Paling,150 x 12mm,1.5m
https://media.bunnings.com.au/api/public/content/1544e8da27f74c4fbe09db04b993bd8f?v=94a8e7e7&t=w700dpr2,$3.14,0120259,Fencing,Fence Paling,150 x 12mm,2.1m
https://media.bunnings.com.au/api/public/content/1544e8da27f74c4fbe09db04b993bd8f?v=94a8e7e7&t=w700dpr2,$2.34,0120256,Fencing,Fence Paling,150 x 12mm,1.8m
https://media.bunnings.com.au/api/public/content/ca72a6eccde840929f888ea7bd5fda49?v=bec27bb4&t=w700dpr2,$2.10,0120931,Fencing,Fence Paling,125 x 12mm,1.65m
https://media.bunnings.com.au/api/public/content/ca72a6eccde840929f888ea7bd5fda49?v=bec27bb4&t=w700dpr2,$2.04,0120930,Fencing,Fence Paling,125 x 12mm,1.8m
https://media.bunnings.com.au/api/public/content/77a4f61d73cb42c2b1ba246d8dd7a200?v=dead16d3&t=w700dpr2,$1.32,0120253,Fencing,Fence Paling,100 x 12mm,1.5m
https://media.bunnings.com.au/api/public/content/77a4f61d73cb42c2b1ba246d8dd7a200?v=dead16d3&t=w700dpr2,$2.14,0120258,Fencing,Fence Paling,100 x 12mm,2.1m
https://media.bunnings.com.au/api/public/content/77a4f61d73cb42c2b1ba246d8dd7a200?v=dead16d3&t=w700dpr2,$1.70,0120255,Fencing,Fence Paling,100 x 12mm,1.8m
https://media.bunnings.com.au/api/public/content/73dc47253ed34222b6ddc578d5c35d28?v=7a0e4f50&t=w700dpr2,$36.12,0730710,Plasterboard,Aquacheck,2400 x 1200mm,2400 x 1200mm
https://media.bunnings.com.au/api/public/content/73dc47253ed34222b6ddc578d5c35d28?v=7a0e4f50&t=w700dpr2,$51.58,0733556,Plasterboard,Aquacheck,3000 x 1200mm,3000 x 1200mm
https://media.bunnings.com.au/api/public/content/73dc47253ed34222b6ddc578d5c35d28?v=7a0e4f50&t=w700dpr2,$46.79,0733881,Plasterboard,Aquacheck,2700 x 1200mm,2700 x 1200mm
https://media.bunnings.com.au/api/public/content/dbe8824aac4447fcab739f04ecdad20e?v=84590fcc&t=w700dpr2,$20.06,0730053,Plasterboard,Standard,1200 x 900mm,1200 x 900mm
https://media.bunnings.com.au/api/public/content/dbe8824aac4447fcab739f04ecdad20e?v=84590fcc&t=w700dpr2,$39.52,0730061,Plasterboard,Standard,3600 x 1200mm,3600 x 1200mm
https://media.bunnings.com.au/api/public/content/dbe8824aac4447fcab739f04ecdad20e?v=84590fcc&t=w700dpr2,$38.12,0730134,Plasterboard,Standard,3000 x 1350mm,3000 x 1350mm
https://media.bunnings.com.au/api/public/content/dbe8824aac4447fcab739f04ecdad20e?v=84590fcc&t=w700dpr2,$32.09,0731423,Plasterboard,Standard,3000 x 1200mm,3000 x 1200mm
https://media.bunnings.com.au/api/public/content/dbe8824aac4447fcab739f04ecdad20e?v=84590fcc&t=w700dpr2,$22.08,0730037,Plasterboard,Standard,2700 x 1200mm,2700 x 1200mm
https://media.bunnings.com.au/api/public/content/dbe8824aac4447fcab739f04ecdad20e?v=84590fcc&t=w700dpr2,$29.67,0730126,Plasterboard,Standard,2400 x 1350mm,2400 x 1350mm
https://media.bunnings.com.au/api/public/content/dbe8824aac4447fcab739f04ecdad20e?v=84590fcc&t=w700dpr2,$22.51,0731415,Plasterboard,Standard,2400 x 1200mm,2400 x 1200mm
https://media.bunnings.com.au/api/public/content/43756922a24343589d93e981e309b1bb?v=ee8cbb74&t=w700dpr2,$23.50,0390167,Panel Sheets,Formply,1200 x 595 x 17mm,17mm
https://media.bunnings.com.au/api/public/content/43756922a24343589d93e981e309b1bb?v=ee8cbb74&t=w700dpr2,$91.00,0390072,Panel Sheets,Formply,2400 x 1200 x 17mm,17mm
https://media.bunnings.com.au/api/public/content/43756922a24343589d93e981e309b1bb?v=ee8cbb74&t=w700dpr2,$70.00,0390220,Panel Sheets,Formply,1800 x 1200 x 17mm,17mm
https://media.bunnings.com.au/api/public/content/273827a32f1c4184937f69174a019d35?v=aea3ac4d&t=w700dpr2,$84.00,0340319,Panel Sheets,Film Faced Non Structural Plywood,2400 x 1200 x 17mm,17mm
https://media.bunnings.com.au/api/public/content/a6e7156781474aadaf03fb406638cbfd?v=4fd68b63&t=w700dpr2,$49.00,0340318,Panel Sheets,Film Faced Non Structural Plywood,2400 x 600 x 17mm,17mm
https://media.bunnings.com.au/api/public/content/a8b0d125baf349b6b76f7c62d083cfb4?v=cef76be5&t=w700dpr2,$34.30,0488093,Panel Sheets,F27 Hardwood Ply Brace,2440 x 1200 x 4mm,4mm
https://media.bunnings.com.au/api/public/content/a8b0d125baf349b6b76f7c62d083cfb4?v=cef76be5&t=w700dpr2,$29.50,0488100,Panel Sheets,F27 Hardwood Ply Brace,2745 x 900 x 4mm,4mm
https://media.bunnings.com.au/api/public/content/a8b0d125baf349b6b76f7c62d083cfb4?v=cef76be5&t=w700dpr2,$40.20,0488099,Panel Sheets,F27 Hardwood Ply Brace,2745 x 1200 x 4mm,4mm
https://media.bunnings.com.au/api/public/content/a8b0d125baf349b6b76f7c62d083cfb4?v=cef76be5&t=w700dpr2,$25.50,0488101,Panel Sheets,F27 Hardwood Ply Brace,2440 x 900 x 4mm,4mm
https://media.bunnings.com.au/api/public/content/fe559e077c274475a19a9e84634f49fb?v=46e65852&t=w700dpr2,$45.50,0340315,Panel Sheets,Non-Structural Plywood,2400 x 1200 x 12mm,12mm
https://media.bunnings.com.au/api/public/content/0151640d602142a49c91df85b2159ea2?v=1cad8dee&t=w700dpr2,$94.30,0320024,Panel Sheets,Marine Ply AA Grade,2440 x 1220 x 12mm,12mm
https://media.bunnings.com.au/api/public/content/0151640d602142a49c91df85b2159ea2?v=1cad8dee&t=w700dpr2,$85.00,0320030,Panel Sheets,Marine Ply AA Grade,2440 x 1220 x 9mm,9mm
https://media.bunnings.com.au/api/public/content/b6c82d0689cb4537b6228c398502dd13?v=a529d63f&t=w700dpr2,$73.00,0320029,Panel Sheets,Marine Ply AA Grade,2440 x 1220 x 6mm,6mm
https://media.bunnings.com.au/api/public/content/0151640d602142a49c91df85b2159ea2?v=1cad8dee&t=w700dpr2,$155.00,0320025,Panel Sheets,Marine Ply AA Grade,2440 x 1220 x 18mm,18mm
https://media.bunnings.com.au/api/public/content/780d078c4d66458c82943a17fb7cbb46?v=8114c751&t=w700dpr2,$70.00,0340164,Panel Sheets,Structural Plywood,2400 x 1200 x 12mm,12mm
https://media.bunnings.com.au/api/public/content/780d078c4d66458c82943a17fb7cbb46?v=8114c751&t=w700dpr2,$54.00,0340162,Panel Sheets,Structural Plywood,2400 x 1200 x 9mm,9mm
https://media.bunnings.com.au/api/public/content/780d078c4d66458c82943a17fb7cbb46?v=8114c751&t=w700dpr2,$45.50,0340161,Panel Sheets,Structural Plywood,2400 x 1200 x 7mm,7mm
https://media.bunnings.com.au/api/public/content/780d078c4d66458c82943a17fb7cbb46?v=8114c751&t=w700dpr2,$108.00,0340167,Panel Sheets,Structural Plywood,2400 x 1200 x 19mm,19mm
https://media.bunnings.com.au/api/public/content/780d078c4d66458c82943a17fb7cbb46?v=8114c751&t=w700dpr2,$99.00,0340166,Panel Sheets,Structural Plywood,2400 x 1200 x 17mm,17mm
https://media.bunnings.com.au/api/public/content/780d078c4d66458c82943a17fb7cbb46?v=8114c751&t=w700dpr2,$86.00,0340165,Panel Sheets,Structural Plywood,2400 x 1200 x 15mm,15mm
https://media.bunnings.com.au/api/public/content/135f762d409b42bc835cd4b9734a0454?v=325ecafb&t=w700dpr2,$52.50,0097412,Panel Sheets,Melamine Particleboard,2400 x 1200 x 16mm,16mm
https://media.bunnings.com.au/api/public/content/6f07fd3744cd434585e287ad8f521751?v=d163e660&t=w700dpr2,$25.40,0460035,Tongue Flooring,Yellow Tongue,1800 x 600 x 19mm,1.8m
https://media.bunnings.com.au/api/public/content/6f07fd3744cd434585e287ad8f521751?v=d163e660&t=w700dpr2,$50.00,0148884,Tongue Flooring,Yellow Tongue,3600 x 800 x 19mm,3.6m
https://media.bunnings.com.au/api/public/content/6f07fd3744cd434585e287ad8f521751?v=d163e660&t=w700dpr2,$37.00,0148883,Tongue Flooring,Yellow Tongue,1800 x 800 x 19mm,1.8m
https://media.bunnings.com.au/api/public/content/eac8f1ed104b485a8b97a2e543385ffd?v=1fe4eb78&t=w700dpr2,$42.00,0437987,Panel Sheets,H2 Particleboard Panelling,2400 x 1200 x 12mm,12mm
https://media.bunnings.com.au/api/public/content/72c9c71ce9d84b609c3f9c5356dd9d75?v=30aaa279&t=w700dpr2,$46.00,0447549,Panel Sheets,Particleboard Panel,2400 x 1200 x 16mm,16mm
https://media.bunnings.com.au/api/public/content/72c9c71ce9d84b609c3f9c5356dd9d75?v=30aaa279&t=w700dpr2,$37.00,0447882,Panel Sheets,Particleboard Panel,2418 x 1210 x 12mm,12mm
https://media.bunnings.com.au/api/public/content/72c9c71ce9d84b609c3f9c5356dd9d75?v=30aaa279&t=w700dpr2,$50.00,0444680,Panel Sheets,Particleboard Panel,2400 x 1200 x 18mm,18mm
https://media.bunnings.com.au/api/public/content/e99b2eca5b5e437ea5a60364aa7a92e1?v=3d1d0063&t=w700dpr2,$45.00,0590058,Panel Sheets,MDF Panel,2400 x 1200 x 12mm,12mm
https://media.bunnings.com.au/api/public/content/e99b2eca5b5e437ea5a60364aa7a92e1?v=3d1d0063&t=w700dpr2,$32.00,0590055,Panel Sheets,MDF Panel,2440 x 1220 x 6mm,6mm
https://media.bunnings.com.au/api/public/content/e99b2eca5b5e437ea5a60364aa7a92e1?v=3d1d0063&t=w700dpr2,$17.50,0590054,Panel Sheets,MDF Panel,2440 x 1220 x 3mm,3mm
https://media.bunnings.com.au/api/public/content/e99b2eca5b5e437ea5a60364aa7a92e1?v=3d1d0063&t=w700dpr2,$38.00,0590056,Panel Sheets,MDF Panel,2400 x 1200 x 9mm,9mm
https://media.bunnings.com.au/api/public/content/e99b2eca5b5e437ea5a60364aa7a92e1?v=3d1d0063&t=w700dpr2,$53.00,0590060,Panel Sheets,MDF Panel,2400 x 1200 x 18mm,18mm
https://media.bunnings.com.au/api/public/content/e99b2eca5b5e437ea5a60364aa7a92e1?v=3d1d0063&t=w700dpr2,$49.00,0590059,Panel Sheets,MDF Panel,2400 x 1200 x 16mm,16mm
https://media.bunnings.com.au/api/public/content/b906e8d420d1465a9851e2a49490acdf?v=f87e2dfa&t=w700dpr2,$10.56,8032580,Decking,Treated Pine Decking,90 x 22mm,L/M
https://media.bunnings.com.au/api/public/content/d2857e7afffe4369b0c993870f0ba841?v=05eee3e5&t=w700dpr2,$16.54,0546636,Decking,Spotted Gum Decking,135 x 19mm,L/M
https://media.bunnings.com.au/api/public/content/f6d36f9f85c14648949f8754a6a761c7?v=e508aa9f&t=w700dpr2,$10.27,0546635,Decking,Spotted Gum Decking,86 x 19mm,L/M
https://media.bunnings.com.au/api/public/content/c8917474bd1f476aaaa8e63031bcb1d7?v=9c6a7401&t=w700dpr2,$75.37,0064532,Decking,Merbau Decking,140 x 19mm Joined,2.25m
https://media.bunnings.com.au/api/public/content/39f0636390fe46fb969e588607c788a5?v=12b8ac7e&t=w700dpr2,$9.29,0200173,Decking,Merbau Decking,140 x 19mm,L/M
https://media.bunnings.com.au/api/public/content/a261f38567df49b2bd1794de954bf517?v=144ce863&t=w700dpr2,$62.93,0177414,Decking,Merbau Decking,140 x 19mm Joined,5.7m
https://media.bunnings.com.au/api/public/content/c032578cef1b412e8c0a0588e0df3b6a?v=aa99f02c&t=w700dpr2,$68.30,0064530,Decking,Merbau Decking,90 x 19mm Joined,2.25m
https://media.bunnings.com.au/api/public/content/9033ae69d67b4747b12a33c2a4506291?v=07f78a09&t=w700dpr2,$5.52,0200172,Decking,Merbau Decking,90 x 19mm,L/M
https://media.bunnings.com.au/api/public/content/9033ae69d67b4747b12a33c2a4506291?v=07f78a09&t=w700dpr2,$35.57,0177416,Decking,Merbau Decking,90 x 19mm Joined,5.7m
https://media.bunnings.com.au/api/public/content/072977aa11e843eda36987247499afc8?v=588994b5&t=w700dpr2,$8.50,0517078,Decking,Merbau Decking Screening,42 x 19mm,2.7m
https://media.bunnings.com.au/api/public/content/f63ae3adabea48e7823cd0d29d35f3d5?v=3ca01cfc&t=w700dpr2,$13.49,0517075,Decking,Merbau Decking Screening,70 x 19mm,2.7m
https://media.bunnings.com.au/api/public/content/8a4535909f904cb484eb85b9f6fe0518?v=5489fbc7&t=w700dpr2,$18.50,0517074,Decking,Merbau Decking Screening,42 x 42mm,2.7m
https://media.bunnings.com.au/api/public/content/8feec487f1264931b731e4cbb514be58?v=019cd0aa&t=w700dpr2,$13.52,0064274,Decking,Merbau Decking Screening,Merbau Edging,69 x 7mm 5.7m
https://media.bunnings.com.au/api/public/content/e131254a1df84a34a7bc3632c8ed8c08?v=adf6307a&t=w700dpr2,$164.00,0622677,Decking,Ekodeck Summit Series Edge Board,Fairhaven,5.4m
https://media.bunnings.com.au/api/public/content/c63f2d6e2f584e558ccd523ae042cd1d?v=cc1397af&t=w700dpr2,$164.00,0622680,Decking,Ekodeck Summit Series Edge Board,Stirling,5.4m
https://media.bunnings.com.au/api/public/content/1b0249ceb861458ca0184c47de5e3f0b?v=241718da&t=w700dpr2,$142.00,0622679,Decking,Ekodeck Summit Series,Fairhaven / Stirling,5.4m
https://media.bunnings.com.au/api/public/content/b9cdcb77dd9c4154a2f8c52434b61588?v=3fe23ccc&t=w700dpr2,$119.00,0200710,Decking,Ekodeck Designer Series Edge Board,Alpine Ash,5.4m
https://media.bunnings.com.au/api/public/content/8e38f7e611cc41e1aa0352000f2899be?v=8e2471ff&t=w700dpr2,$119.00,0200715,Decking,Ekodeck Designer Series Edge Board,Riverbank Red,5.4m
https://media.bunnings.com.au/api/public/content/f7e951a3c2274c68a2109da0bb17b2ac?v=00086937&t=w700dpr2,$119.00,0200714,Decking,Ekodeck Designer Series Edge Board,Leatherwood,5.4m
https://media.bunnings.com.au/api/public/content/669ca3acf4004d67a37807304413db66?v=3852a496&t=w700dpr2,$119.00,0200713,Decking,Ekodeck Designer Series Edge Board,Ironwood,5.4m
https://media.bunnings.com.au/api/public/content/a63a64b7f45d4960ac8a88d644866ace?v=ac385f72&t=w700dpr2,$119.00,0200712,Decking,Ekodeck Designer Series Edge Board,Estate Brown,5.4m
https://media.bunnings.com.au/api/public/content/457cd25a6759470ea3ff88a32e4f0e51?v=9e905795&t=w700dpr2,$119.00,0200711,Decking,Ekodeck Designer Series Edge Board,Backbeach,5.4m
https://media.bunnings.com.au/api/public/content/ef17555551ca4541b47f18cb58ee4691?v=b9e9eb09&t=w700dpr2,$98.23,0109384,Decking,Ekodeck Designer Series,Alpine Ash / Ironwood,5.4m
https://media.bunnings.com.au/api/public/content/7d224a7369a8445a97856acfe5dbf70e?v=dad5a019&t=w700dpr2,$98.23,0109383,Decking,Ekodeck Designer Series,Riverbank Red / Estate Brown,5.4m
https://media.bunnings.com.au/api/public/content/2d0c8d11392441da888aa884a57b928e?v=9167ea1c&t=w700dpr2,$98.23,0109382,Decking,Ekodeck Designer Series,Backbeach / Leatherwood,5.4m
https://media.bunnings.com.au/api/public/content/d75dcc11b4194f888d6056cccb85dbda?v=f4f7825a&t=w700dpr2,$14.99,0327644,Screening,Ekodeck Screening,Alpine Ash,2.7m
https://media.bunnings.com.au/api/public/content/0bad3cd30b404185b5490b2615445aab?v=1fe79d62&t=w700dpr2,$14.99,0327648,Screening,Ekodeck Screening,Riverbank Red,3.7m
https://media.bunnings.com.au/api/public/content/c06590c0b98f4c6cb2158f7773c66336?v=57dc63ba&t=w700dpr2,$14.99,0327647,Screening,Ekodeck Screening,Leatherwood,4.7m
https://media.bunnings.com.au/api/public/content/41077b207969413eb4abb209c55096ce?v=e3ec484a&t=w700dpr2,$14.99,0120984,Screening,Ekodeck Screening,Ironwood,5.7m
https://media.bunnings.com.au/api/public/content/d75dcc11b4194f888d6056cccb85dbda?v=f4f7825a&t=w700dpr2,$14.99,0327644,Screening,Ekodeck Screening,Alpine Ash,6.7m
https://media.bunnings.com.au/api/public/content/1a72900f62cd4111843f4abd75ba66f7?v=0666ed35&t=w700dpr2,$85.32,0121078,Decking,Ekodeck Classic Series,Dark Brown,5.4m
https://media.bunnings.com.au/api/public/content/e6913f449d164aa583a1963cf56e2399?v=f9d48281&t=w700dpr2,$85.32,0121077,Decking,Ekodeck Classic Series,Red Rock,5.4m
https://media.bunnings.com.au/api/public/content/f875c338d6484445ab7a48b588b893a8?v=c05080a7&t=w700dpr2,$85.32,0121079,Decking,Ekodeck Classic Series,Greystone,5.4m
https://media.bunnings.com.au/api/public/content/80809626ac1c4d4fb35b31294568afbe?v=a6a6acd2&t=w700dpr2,$99.99,0142614,LVLs,LVL EBEAM E2S,300 x 45mm,300 x 45mm
https://media.bunnings.com.au/api/public/content/539cb85db1014e86b2a191905a81947f?v=8dfbce1f&t=w700dpr2,$79.96,0143025,LVLs,LVL EBEAM E2S,240 x 45mm,240 x 45mm
https://media.bunnings.com.au/api/public/content/8419428a1a55416a8ff0adcf19aa09d2?v=eefde0b5&t=w700dpr2,$66.33,0142595,LVLs,LVL EBEAM E2S,190 x 45mm,190 x 45mm
https://media.bunnings.com.au/api/public/content/103234a044a34c19a6c0176085ff8cd5?v=ccbce5d2&t=w700dpr2,$49.97,0142592,LVLs,LVL EBEAM E2S,150 x 45mm,150 x 45mm
https://media.bunnings.com.au/api/public/content/63a81bdb21d24f7d83fe830c27ffd1e5?v=2ee1d8c1&t=w700dpr2,$29.99,0143166,LVLs,LVL EBEAM E2S,90 x 45mm,90 x 45mm
https://media.bunnings.com.au/api/public/content/45f918ff32f34944a642ed938d7d335d?v=af003fa3&t=w700dpr2,$14.48,8030069,Untreated Pine,MGP10 Structural,90 x 45mm,90 x 45mm
https://media.bunnings.com.au/api/public/content/ca3186a8ebb74505b9d0e154edf7bcdf?v=ac1fc170&t=w700dpr2,$10.39,8030046,Untreated Pine,MGP10 Structural,90 x 35mm,90 x 35mm
https://media.bunnings.com.au/api/public/content/302b4e2ef02c4d0dacf346094c77c3b3?v=5f5a30f7&t=w700dpr2,$13.32,8030023,Untreated Pine,MGP10 Structural,70 x 45mm,70 x 45mm
https://media.bunnings.com.au/api/public/content/99dc97cba8a243c387fdefc285d4e0f2?v=17009a87&t=w700dpr2,$10.21,8030000,Untreated Pine,MGP10 Structural,70 x 35mm,70 x 35mm
https://public.bowens.com.au/media/internal/erp-product_mlpt240045_01_01_142f7338fa164cf3ca5c511cc86e710d590849ae_mlpt240045_a/1500.jpg,$53.47,8032323,Treated Pine,H3 Treated,240 x 45mm,240 x 45mm
https://media.bunnings.com.au/api/public/content/c8e54aeff017492eb89454fbc58349af?v=394a70a1&t=w700dpr2,$36.38,8032300,Treated Pine,H3 Treated,190 x 45mm,190 x 45mm
https://media.bunnings.com.au/api/public/content/a77ab794239647b2b73dfbdcfe9f0f8e?v=deacbafe&t=w700dpr2,$30.41,8032277,Treated Pine,H3 Treated,190 x 35mm,190 x 35mm
https://media.bunnings.com.au/api/public/content/34c58bd63ffb427a87d7ad6ae8679569?v=a330ba00&t=w700dpr2,$27.26,8032254,Treated Pine,H3 Treated,140 x 45mm,140 x 45mm
https://media.bunnings.com.au/api/public/content/de57eaf34c2c4392ae4ceafe61757ac1?v=e527fd19&t=w700dpr2,$45.60,8032231,Treated Pine,H3 Treated,140 x 35mm,140 x 35mm
https://media.bunnings.com.au/api/public/content/4f553492434642b3a6bb7cf09811e4cd?v=80ab9e1e&t=w700dpr2,$19.34,8032162,Treated Pine,H3 Treated,90 x 45mm,90 x 45mm
https://media.bunnings.com.au/api/public/content/522f95c89daa4cd08a854d281fa0e857?v=b2d27484&t=w700dpr2,$14.57,8032139,Treated Pine,H3 Treated,90 x 35mm,90 x 35mm
https://media.bunnings.com.au/api/public/content/c520ac8954e247018ad80f228cb90a70?v=db883f6a&t=w700dpr2,$14.50,8032116,Treated Pine,H3 Treated,70 x 45mm,70 x 45mm
https://media.bunnings.com.au/api/public/content/b05be41e1669414ca35863ecf1853a0d?v=4a11837f&t=w700dpr2,$13.06,8032093,Treated Pine,H3 Treated,70 x 35mm,70 x 35mm
https://media.bunnings.com.au/api/public/content/a0cb292460a44acd9bf61dd6effa7285?v=2c7bde40&t=w700dpr2,$46.75,0168649,Retaining Wall,H Post,100 × 900 mm H Post,900mm
https://media.bunnings.com.au/api/public/content/a0cb292460a44acd9bf61dd6effa7285?v=2c7bde40&t=w700dpr2,$34.25,0168634,Retaining Wall,C Post,100 × 900 mm C Post,900mm
https://media.bunnings.com.au/api/public/content/a0cb292460a44acd9bf61dd6effa7285?v=2c7bde40&t=w700dpr2,$89.76,0168624,Retaining Wall,Corner Post,100 × 900 mm 90 deg Corner Post,900mm
https://media.bunnings.com.au/api/public/content/a0cb292460a44acd9bf61dd6effa7285?v=2c7bde40&t=w700dpr2,$63.64,0168650,Retaining Wall,H Post,100 × 1200 mm H Post,1200mm
https://media.bunnings.com.au/api/public/content/a0cb292460a44acd9bf61dd6effa7285?v=2c7bde40&t=w700dpr2,$119.67,0168626,Retaining Wall,Corner Post,100 × 1200 mm 90 deg Corner Post,1200mm
https://media.bunnings.com.au/api/public/content/a0cb292460a44acd9bf61dd6effa7285?v=2c7bde40&t=w700dpr2,$44.79,0168635,Retaining Wall,C Post,100 × 1200 mm C Post,1200mm
https://media.bunnings.com.au/api/public/content/a0cb292460a44acd9bf61dd6effa7285?v=2c7bde40&t=w700dpr2,$76.62,0168651,Retaining Wall,H Post,100 × 1500 mm H Post,1500mm
https://media.bunnings.com.au/api/public/content/a0cb292460a44acd9bf61dd6effa7285?v=2c7bde40&t=w700dpr2,$57.77,0168638,Retaining Wall,C Post,100 × 1500 mm C Post,1500mm
https://media.bunnings.com.au/api/public/content/a0cb292460a44acd9bf61dd6effa7285?v=2c7bde40&t=w700dpr2,$149.95,0168627,Retaining Wall,Corner Post,100 × 1500 mm 90 deg Corner Post,1500mm
https://media.bunnings.com.au/api/public/content/a0cb292460a44acd9bf61dd6effa7285?v=2c7bde40&t=w700dpr2,$69.44,0168639,Retaining Wall,C Post,100 × 1800 mm C Post,1800mm
https://media.bunnings.com.au/api/public/content/a0cb292460a44acd9bf61dd6effa7285?v=2c7bde40&t=w700dpr2,$92.21,0168653,Retaining Wall,H Post,100 × 1800 mm H Post,1800mm
https://media.bunnings.com.au/api/public/content/a0cb292460a44acd9bf61dd6effa7285?v=2c7bde40&t=w700dpr2,$83.18,0168641,Retaining Wall,C Post,100 × 2100 mm C Post,2100mm
https://media.bunnings.com.au/api/public/content/a0cb292460a44acd9bf61dd6effa7285?v=2c7bde40&t=w700dpr2,$107.79,0168654,Retaining Wall,H Post,100 × 2100 mm H Post,2100mm
https://media.bunnings.com.au/api/public/content/a0cb292460a44acd9bf61dd6effa7285?v=2c7bde40&t=w700dpr2,$24.20,0168662,Retaining Wall,Timber Post Bracket,Fence Bracket Timber Post,Bracket
https://media.bunnings.com.au/api/public/content/a0cb292460a44acd9bf61dd6effa7285?v=2c7bde40&t=w700dpr2,$17.20,0168664,Retaining Wall,Steel Post Bracket,Fence Bracket Steel Post,Bracket
https://media.bunnings.com.au/api/public/content/a0cb292460a44acd9bf61dd6effa7285?v=2c7bde40&t=w700dpr2,$17.80,0168665,Retaining Wall,Corner Post Bracket,Fence Bracket Corner Post,Bracket
